PRAGMA foreign_keys=OFF;
BEGIN TRANSACTION;
CREATE TABLE IF NOT EXISTS "migrations" ("id" integer not null primary key autoincrement, "migration" varchar not null, "batch" integer not null);
INSERT INTO migrations VALUES(1,'2014_10_12_000000_create_users_table',1);
INSERT INTO migrations VALUES(2,'2014_10_12_100000_create_password_resets_table',1);
INSERT INTO migrations VALUES(3,'2019_08_19_000000_create_failed_jobs_table',1);
INSERT INTO migrations VALUES(4,'2019_12_14_000001_create_personal_access_tokens_table',1);
INSERT INTO migrations VALUES(5,'2022_10_01_103104_create_pelapors_table',2);
INSERT INTO migrations VALUES(6,'2022_10_01_103130_create_laboratoria_table',2);
INSERT INTO migrations VALUES(8,'2022_10_01_103205_create_barangs_table',2);
INSERT INTO migrations VALUES(10,'2022_10_01_103150_create_jenis_barangs_table',3);
INSERT INTO migrations VALUES(14,'2022_10_01_103222_create_detail_barangs_table',4);
INSERT INTO migrations VALUES(15,'2022_10_01_123858_create_laporans_table',4);
INSERT INTO migrations VALUES(16,'2022_10_01_124410_add_laporan_to_detail_barang',4);
INSERT INTO migrations VALUES(17,'2022_10_01_210739_create_notifications_table',5);
CREATE TABLE IF NOT EXISTS "users" ("id" integer not null primary key autoincrement, "name" varchar not null, "email" varchar not null, "email_verified_at" datetime, "password" varchar not null, "remember_token" varchar, "created_at" datetime, "updated_at" datetime);
INSERT INTO users VALUES(2,'Muhammad Naufal Alfadhil','nfalldh@gmail.com',NULL,'$2y$10$BqBdDPHVXVA96pWEOeLyM.jH.m1q/D96DKtHWKage4wvWek3M0fdm',NULL,'2022-10-01 17:37:33','2022-10-01 17:47:38');
CREATE TABLE IF NOT EXISTS "password_resets" ("email" varchar not null, "token" varchar not null, "created_at" datetime);
CREATE TABLE IF NOT EXISTS "failed_jobs" ("id" integer not null primary key autoincrement, "uuid" varchar not null, "connection" text not null, "queue" text not null, "payload" text not null, "exception" text not null, "failed_at" datetime default CURRENT_TIMESTAMP not null);
CREATE TABLE IF NOT EXISTS "personal_access_tokens" ("id" integer not null primary key autoincrement, "tokenable_type" varchar not null, "tokenable_id" integer not null, "name" varchar not null, "token" varchar not null, "abilities" text, "last_used_at" datetime, "expires_at" datetime, "created_at" datetime, "updated_at" datetime);
CREATE TABLE IF NOT EXISTS "pelapor" ("id" integer not null primary key autoincrement, "nim" varchar not null, "nama" varchar not null, "email" varchar not null, "created_at" datetime, "updated_at" datetime);
INSERT INTO pelapor VALUES(5,'2019302009','Naufal','naufal@nafaarts.com','2022-10-01 21:31:47','2022-10-01 21:31:47');
CREATE TABLE IF NOT EXISTS "laboratorium" ("id" integer not null primary key autoincrement, "nomor" varchar not null, "image" varchar not null, "created_at" datetime, "updated_at" datetime);
INSERT INTO laboratorium VALUES(2,'301','1664624762Lab-4-scaled.jpg','2022-10-01 11:46:02','2022-10-01 11:46:02');
INSERT INTO laboratorium VALUES(3,'302','1664647395Lab-Komputer-SMP-Negeri-12-Binjai-Gambar-Ilustrasi.jpg','2022-10-01 17:59:16','2022-10-01 18:03:15');
INSERT INTO laboratorium VALUES(4,'303','1664647363lab 2.jpg','2022-10-01 18:02:43','2022-10-01 18:02:43');
CREATE TABLE IF NOT EXISTS "barang" ("id" integer not null primary key autoincrement, "laboratorium_id" integer not null, "jenis_barang_id" integer not null, "nomor_barang" varchar not null, "created_at" datetime, "updated_at" datetime, foreign key("laboratorium_id") references "laboratorium"("id") on delete cascade, foreign key("jenis_barang_id") references "jenis_barang"("id") on delete cascade);
INSERT INTO barang VALUES(1,2,4,'1','2022-10-01 13:49:47','2022-10-01 13:49:47');
INSERT INTO barang VALUES(2,2,4,'2','2022-10-01 13:49:47','2022-10-01 13:49:47');
INSERT INTO barang VALUES(12,2,1,'1','2022-10-01 14:11:43','2022-10-01 17:05:50');
INSERT INTO barang VALUES(13,2,1,'2','2022-10-01 14:11:43','2022-10-01 17:06:38');
INSERT INTO barang VALUES(14,2,1,'3','2022-10-01 14:11:43','2022-10-01 17:06:55');
INSERT INTO barang VALUES(15,2,1,'4','2022-10-01 14:11:43','2022-10-01 17:07:03');
INSERT INTO barang VALUES(21,2,5,'1','2022-10-01 17:50:33','2022-10-01 17:50:33');
INSERT INTO barang VALUES(22,2,5,'2','2022-10-01 17:50:33','2022-10-01 17:50:33');
INSERT INTO barang VALUES(23,2,6,'1','2022-10-01 17:50:43','2022-10-01 17:50:43');
INSERT INTO barang VALUES(24,3,3,'1','2022-10-01 17:59:32','2022-10-01 17:59:32');
INSERT INTO barang VALUES(25,3,3,'2','2022-10-01 17:59:32','2022-10-01 17:59:32');
INSERT INTO barang VALUES(26,3,3,'3','2022-10-01 17:59:32','2022-10-01 17:59:32');
INSERT INTO barang VALUES(27,3,3,'4','2022-10-01 17:59:32','2022-10-01 17:59:32');
INSERT INTO barang VALUES(28,3,3,'5','2022-10-01 17:59:32','2022-10-01 17:59:32');
INSERT INTO barang VALUES(44,3,5,'1','2022-10-01 18:00:17','2022-10-01 18:00:17');
INSERT INTO barang VALUES(45,3,5,'2','2022-10-01 18:00:17','2022-10-01 18:00:17');
INSERT INTO barang VALUES(46,3,6,'1','2022-10-01 18:00:22','2022-10-01 18:00:22');
INSERT INTO barang VALUES(47,4,1,'1','2022-10-01 18:03:28','2022-10-01 18:03:28');
INSERT INTO barang VALUES(48,4,1,'2','2022-10-01 18:03:28','2022-10-01 18:03:28');
INSERT INTO barang VALUES(49,4,1,'3','2022-10-01 18:03:28','2022-10-01 18:03:28');
INSERT INTO barang VALUES(50,4,1,'4','2022-10-01 18:03:28','2022-10-01 18:03:28');
INSERT INTO barang VALUES(51,4,1,'5','2022-10-01 18:03:28','2022-10-01 18:03:28');
INSERT INTO barang VALUES(52,4,5,'1','2022-10-01 18:03:33','2022-10-01 18:03:33');
INSERT INTO barang VALUES(53,4,5,'2','2022-10-01 18:03:33','2022-10-01 18:03:33');
INSERT INTO barang VALUES(54,4,6,'1','2022-10-01 18:03:38','2022-10-01 18:03:38');
INSERT INTO barang VALUES(55,4,4,'1','2022-10-01 18:03:42','2022-10-01 18:03:42');
INSERT INTO barang VALUES(56,4,4,'2','2022-10-01 18:03:42','2022-10-01 18:03:42');
CREATE TABLE IF NOT EXISTS "jenis_barang" ("id" integer not null primary key autoincrement, "nama_barang" varchar not null, "created_at" datetime, "updated_at" datetime);
INSERT INTO jenis_barang VALUES(1,'Komputer','2022-10-01 12:00:15','2022-10-01 12:04:41');
INSERT INTO jenis_barang VALUES(3,'Meja','2022-10-01 12:05:11','2022-10-01 12:05:11');
INSERT INTO jenis_barang VALUES(4,'Router','2022-10-01 12:58:23','2022-10-01 12:58:23');
INSERT INTO jenis_barang VALUES(5,'AC','2022-10-01 12:58:28','2022-10-01 12:58:28');
INSERT INTO jenis_barang VALUES(6,'Papan Tulis','2022-10-01 12:59:38','2022-10-01 12:59:38');
INSERT INTO jenis_barang VALUES(7,'Lemari','2022-10-01 12:59:47','2022-10-01 12:59:47');
CREATE TABLE IF NOT EXISTS "detail_barang" ("id" integer not null primary key autoincrement, "barang_id" integer not null, "pelapor_id" integer, "kondisi" varchar check ("kondisi" in ('baik', 'rusak', 'hilang')) not null, "keterangan" varchar, "approved" tinyint(1) not null default '0', "created_at" datetime, "updated_at" datetime, "laporan_id" integer, foreign key("barang_id") references "barang"("id") on delete cascade, foreign key("pelapor_id") references "pelapor"("id") on delete cascade);
INSERT INTO detail_barang VALUES(1,1,NULL,'baik','',1,NULL,NULL,NULL);
INSERT INTO detail_barang VALUES(3,15,NULL,'baik','baik sangat',1,'2022-10-01 17:00:36','2022-10-01 17:00:36',NULL);
INSERT INTO detail_barang VALUES(4,12,NULL,'baik',NULL,1,'2022-10-01 17:05:50','2022-10-01 17:05:50',NULL);
INSERT INTO detail_barang VALUES(5,13,NULL,'rusak',NULL,1,'2022-10-01 17:06:38','2022-10-01 17:06:38',NULL);
INSERT INTO detail_barang VALUES(6,14,NULL,'baik',NULL,1,'2022-10-01 17:06:55','2022-10-01 17:06:55',NULL);
INSERT INTO detail_barang VALUES(15,1,5,'baik','ini keterangan',0,'2022-10-01 21:31:47','2022-10-01 21:31:47',5);
INSERT INTO detail_barang VALUES(16,2,5,'hilang','ini keterangan untuk 2',0,'2022-10-01 21:31:47','2022-10-01 21:31:47',5);
CREATE TABLE IF NOT EXISTS "laporan" ("id" integer not null primary key autoincrement, "pelapor_id" integer not null, "di_lihat" tinyint(1) not null default '0', "created_at" datetime, "updated_at" datetime, foreign key("pelapor_id") references "pelapor"("id") on delete cascade);
INSERT INTO laporan VALUES(5,5,1,'2022-10-01 21:31:47','2022-10-01 21:32:07');
CREATE TABLE IF NOT EXISTS "notifications" ("id" varchar not null, "type" varchar not null, "notifiable_type" varchar not null, "notifiable_id" integer not null, "data" text not null, "read_at" datetime, "created_at" datetime, "updated_at" datetime, primary key ("id"));
DELETE FROM sqlite_sequence;
INSERT INTO sqlite_sequence VALUES('migrations',17);
INSERT INTO sqlite_sequence VALUES('users',2);
INSERT INTO sqlite_sequence VALUES('laboratorium',4);
INSERT INTO sqlite_sequence VALUES('jenis_barang',7);
INSERT INTO sqlite_sequence VALUES('pelapor',5);
INSERT INTO sqlite_sequence VALUES('barang',56);
INSERT INTO sqlite_sequence VALUES('detail_barang',16);
INSERT INTO sqlite_sequence VALUES('laporan',5);
CREATE UNIQUE INDEX "users_email_unique" on "users" ("email");
CREATE INDEX "password_resets_email_index" on "password_resets" ("email");
CREATE UNIQUE INDEX "failed_jobs_uuid_unique" on "failed_jobs" ("uuid");
CREATE INDEX "personal_access_tokens_tokenable_type_tokenable_id_index" on "personal_access_tokens" ("tokenable_type", "tokenable_id");
CREATE UNIQUE INDEX "personal_access_tokens_token_unique" on "personal_access_tokens" ("token");
CREATE INDEX "notifications_notifiable_type_notifiable_id_index" on "notifications" ("notifiable_type", "notifiable_id");
COMMIT;
